Index,GT,PD,Perplexity,Acc
0,TQDCSFQHSPISSDFAVKIRELSDYLLQDYPVTVASNLQDDELCGGLWRLVLAQRWMERLKTVAGSKMQGLLERVNTEIHFVTKCAFQPPPSCLRFVQTNISRLLQETSEQLVALKPWITRQNFSRCLELQCQP,MQTCYFETPPIEEDSEEAIEELLSHLDLDTPVVMPANLKQDPVCYDLHRLREAHELMEKLSKVAGEEMRGLVQRVHDEISFVYQCAFAPPPDSMQFTPVAIATLLALTERYLEKLAPYITKLDFSDCLTMRCQE,6.6360607,0.43283582
1,CDLRVLSKLLRDSHVLHSRLSQCPEVHPLPTPVLLPAVDFSLGEWKTQMEETKAQDILGAVTLLLEGVMAARGQLGPTCLSSLLGQLSGQVRLLLGALQSLLGTQLPPQGRTTAHKDPNAIFLSFQHLLRGKVRFLMLVGGSTLC,SDKDLLDELLARAERLRAQLEQVPNLVPLAVPVAVASLSVSLGAFAKLSARQRARDTLSRVNLLLQGFERAAGTLGATCLTALLNELAGLASVALGALSGRLGRSLPEAGKVEAETDPSKLFDCLIALLERRLREAAEEGGKELG,7.200167,0.36551723
2,KVLFVCIHNTARSVMAEALFNAMAKSWKAESAGVEKAERVDETVKRLLAERGLKAKEKPRTVDEVNLDDFDLIVTVCEESSCVVLPTDKPVTRWHIENPAGKDEGTYRRVLAEIEERVKKLVGE,PILFVCTTNTARSHMATALFRAMAKDRSADSAGIVPAENVSAETRRLLAELGLKANEKPVTISEVDLSDFDHIVVICDAGNATELPTPGPLDYLQLENPCGREAGAVEAVLDELEARVKELVGK,4.5208282,0.53225803
3,CEWLGRYRIITTESLNLLKNMGGKYADLETPFPSRLYTLMDKSKVEDQVKFLVLTLDHIIHLMDAREHMNSVNWDQNTVEDFLNILHRKSSDLKECVARYAKPAHKESYEIRIKRHFRTLKKILKKKQYSAEAWEQIRRVVKSHLQRMDIIASNAR,CKYLGDFEDTHEESLGLLKSMGGEFAALTLPVPDDLFDELLSSAVATKVRALVLTFSAIIDLMDSFENMSNVSWDPELVIQLLTVLSEASEKLKVSVATFEKPEKRSEFEIESDSHFDYLVGYLEEENYSRSAWRQARTTVRECLLELAVIARRAR,6.365384,0.3974359
4,ETAYFSDSNGQQKNRIQLTNKHADVKKQLKMVRLGDAELYVLEQLQPLIQENIVNIVDAFYKNLDHESSLMDIINDHSSVDRLKQTLKRHIQEMFAGVIDDEFIEKRNRIASIHLRIGLLPKWYMGAFQELLLSMIDIYEASITNQQELLKAIKATTKILNLEQQLVLE,GERFFDNDEAGRKNRINLSDKYADVVKLLAEIKIDGRTLGTLEQCRPLVEANVDAIVDAFFAALQKDPSVMDLIYRTGSEESLAEVMAEFILSLFSGVVDDDFIDRLEEIAAYHDEIGVDWEIIEASWDVILRTIEDIFQEAIKNPNELQRAINATEKILTLDQILLLG,7.5605593,0.3668639
5,SHMRTLLIRYILWRNDNDQTYYNDDFKKLMLLDELVDDGDVCTLIKNMRMTLSDGPLLDRLNQPVNNIEDAKRMIAISAKVARDIGERSEIRWEESFTILFRMIETYFDDLMIDLYG,SSIKELLREFILYAKDDKREEYDEDFERLLKLFSLVEEGEVEKLVAECRETKSAQPALDRLSQPVNSIEDAKKAIAVAMEVAEYIGPESKIDWDELFEILFENIKKYFEELEKLLFG,5.441612,0.4529915
6,SNAMTDAAIAEKDLGNAAYKQKDFEKAHVHYDKAIELDPSNITFYNNKAAVYFEEKKFAECVQFCEKAVEVGRETRADYKLIAKAMSRAGNAFQKQNDLSLAVQWFHRSLSEFRDPELVKKVKELEK,ADAASRAALIYREKGLAAFAQNDYGAAHEYLNKAVELDPTRVDYYLNKAEVDAEQKKYEECVAYCDKAIAVGKKEKADSRELAAAQSLAGEAYLKLNNKDKALEKYERGLALYRNPALQKLVKELEA,5.213603,0.42519686
7,NTPLLVLYGSNMGTAEGTARDLADIAMSKGFAPQVATLDSHAGNLPREGAVLIVTASYNGHPPDNAKQFVDWLDQASADEVKGVRYSVFGCGDKNWATTYQKVPAFIDETLAAKGAENIADRGEADASDDFEGTYEEWREHMWSDVAAYFNL,ALPGVVLHGSTGGFAAGMAEAIAGTALARGFAPEVAPLASYAGKLPKSGAVVIVTETILGLPPSDARGFVDWLAENQENTLKGVRYAVFGIGDSRNDDTYNAVPRYVDDTLEERGSGKVAPRGECDLASDYRKGYGAWRSKMFAAIRAHYDG,5.5921445,0.4407895
8,GSFNSIDVEINMYPVNKTSCNSSIGSSSTISTSELTITLTHEDCTPVFIGDYYSVVDKLATSGFFTNDKVHQDLTTQCKINLEIKCNSGRESRQLTPTTKVYLMPHSETVTVVGDCLSNLDVYIVYANTDAIYSDMDVVAYHTSYILNVDHIPPNDCERD,GTFNSVQVEVNLYPVNQTNCTMSLGDSSTIETSEITVSLTHDNCTPQIIGSFFSVRDNLAHSGFWTDNTVEQDPSKLCHINLTVRCKDGKEASALTPDSNTYKWPFETSVTIVGDCLKRLNVRVIAKDTDKPADKADLVSFATNEVLNTDNIPPLNCNQS,4.9549007,0.475
9,HMTALTLPEDIRQQEPSALLYTLVSAYLEHTAQTGDESLSCLSDDQHTLTAFCYLDSQVEEGGFVQLIASGYGEYIFRNPLADSLRRWKIKAVPKVLDKAKALYEQHGKTIETLADGGADIPSLRKQFPEFEEWDGAYYEAAEQDLPLLAEHIQSNWETFAHIG,METTLRIPDEILALEPARYVRLLVSALLFLYAIILDPDLKVFSYAQIVLTMFRYLSAMVRGGGFVAAIAAGGGGYLFKSPIAENLRKKNIYRVPAVLDQARVLYDKYGEEIQTLAAQGADLPDLRRRFPEFDAYDKAFREAAKVDIPLLQQYIREHRATFANLG,5.529655,0.4512195
10,HMTGAVCPGSFDPVTLGHVDIFERAAAQFDEVVVAILVNPAKTGMFDLDERIAMVKESTTHLPNLRVQVGHGLVVDFVRSCGMTAIVKGLRTGTDFEYELQMAQMNKHIAGVDTFFVATAPRYSFVSSSLAKEVAMLGGDVSELLPEPVNRRLRDRLN,AMTGAVVPGGFDPVTLAHIDTARRAAANFDRVVAAVIVDKSRKGLFDLAERLAMVRDSTTHLPNVSVEVGEGLVTDFVLSQGMNDIVEGLREGTDFDQQEALARYMLRIAGVETIFVNTHPKYSTVSSATALELWLRGGDVSDLLPEPVVTKLQELRA,3.7521088,0.5759494
11,EPQGGLEELSGRWHSVALASNKSDLIKPWGHFRVFIHSMSAKDGNLHGDILIPQDGQCEKVSLTAFKTATSNKFDLEYWGHNDLYLAEVDPKSYLILYMINQYNDDTSLVAHLMVRDLSRQQDFLPAFESVCEDIGLHKDQIVVLSDDDRC,APQGGLDKLSGKWHSVALASNRKSLILPKGAFRVFIHSMQAKDGDLNQIFLVPLGGGCQLVSITFEKTAEPNRFDLYYKGKNTLYLALVDPGSYLITYMINHLNNKTFLVAHLVVRDMAQRDDYLPAFEAVCAEIGLSKDQIVVLSDADRC,3.2639923,0.65562916
12,MIVLENHTDISGKTSERVLHSAWLNSHYQTGLKNLLDTAVLEGTDEESARSLASRWQKIDEIPFDFERRRMSVVVAENTEHHQLVCKGALQEILNVCSQVRHNGEIVPLDDIMLRKIKRVTDTLNRQGLRVVAVATKYLPAREGDYQRADESDLILEGYIAFLD,MLVLARATDIDGEASQNVLNAAYLAAYFSTGRPNEFDQAVLEGTDAASAAELAKKWHKVDEIPYDNGDRLAAVVVASEFAKDLLITMGPVQNILDVCSYVRYNGKIVPLDDAMLELIKAVTDTLRAQGLTVVAIATKYLPAREGPFEEEDLSDLILMGFCAFKE,4.179373,0.55487806
13,NEECTVTGFLRDKLQYRSRLQYMKHYFPINYKISVPYEGVFRIANVTRLQRAQVSERELRYLWVLVSLSATESVQDVLLEGHPSWKYLQEVETLLLNVQQGLTDVEVSPKVESVLSLLNAPGPNLKLVRPKALLDNCFRVMELLYCSCCKQSSVLNWQDCE,DNDCTITGYLIVLLKESNIDYYMEDLFPENFQIRIPREGDFGIAHVIRLASDGVSSTELRYLWVRVSLYNTRAVKSVLEKSHPSYQFLQNVLALLRTVQGGLTDVTIGPVVRALLRRLTAPGPRTYPVRPATLFEMTRETMEYLTADECRDSDVPAWAGCT,5.8203397,0.44720498
14,MEGMVFSLKYLGMTLVERPKGEELSAAAVKRIVATAKASGKKLQKVTLKVSPRGIILTDSLTSQLIENVSIYRISYCTADKMHDKVFAYIAQSQQNESLECHAFLCTKRKVAQAVTLTVAQAFKVAFEFWQVSLVPR,MEPQTFDLQYLGSTKVDRPVGSALTAEAVTEIVARALASGKSLQEVTLIISPEGILIQDEETQELIENIDIKRISDCTADRKHNRVFSFIHQAATDDSLWCTSFLCPSAAVAQAVADTVAEAHKVASEYAKVNKTPR,4.406222,0.540146
15,PEIRLRHVVSCSSQDSTHCAENLLKADTYRKWRAAKAGEKTISVVLQLEKEEQIHSVDIGNDGSAFVEVLVGSSAGGAGEQDYEVLLVTSSFMSPSESRSGSNPNRVRMFGPDKLVRAAAEKRWDRVKIVCSQPYSKDSPFGLSFVRFHSP,MKASNTFVVNCKNMNATECAANLLSSDEYLDWLASLLGEAQISIVLELAKAERIDSITVGNDGAALVQVRVGLSAGGCGLDDFVTLLEESRFMTPEEAKSGKNPNRVRYFGPDELVKASSEGTWDLVRVVCTQPYARSSPFGLNSVRFYMP,4.212285,0.5231788
16,MTDAVLELPAATFDLPLSLSGGTQTTLRAHAGHWLVIYFYPKDSTPGATTEGLDFNALLPEFDKAGAKILGVSRDSVKSHDNFCAKQGFAFPLVSDGDEALCRAFDVIKEKNMYGKQVLGIERSTFLLSPEGQVVQAWRKVKVAGHADAVLAALKAHAK,MTSAALVLPESARDIPLQLLGGTSTTLAEFLGRWVIVTFFPHTDTPGAIQAGLAFNALLPEFAELGAKVLGVCTDSVAAAEEFQAKYGLKFPIVADEDAALARAFDVLKTREANGTLVLGIERSAFLLSPEGHVLHTWRNVVVAGAASAVLATLKAYSA,4.15423,0.5660377
17,TKPGNWSAVDRSAWSVSCSNVYADDDAKYGAHLAIDGEINTTWFTWGVANAGECWWNTVLDRPVTLTGFSVTKQSAYGSGYNLRSAEIKVRKEGETEWVTYPRVLTFRNFKGADPQYAAIEPPIPNVKEFRINCLTPDNYTGFAEINLYEKQL,GRPGNYRAVEKSKFVVSASNVYDNDEAAYGAELAVDGDYNTTLFQYGTALAGECWIEVDLSTPITLAGFSVTRQSAIGSGYDVKSAQVSVRRAGETEWTTYPKTFEFPNYTGDEPQYAAVSPPIPNVAEFQIDFLTPDNYTGFSIIQLFKNQA,3.6416502,0.5816994
18,PENYIRAYSMLKNWVDSSLEIYKPELSYIMYPIFIYLFLNLVAKNPVYARRFFDRFSPDFKDFHGSEINRLFSVNSIDHIKENEVASAFQSHKYRITMSKTTLNLLLYFLNENESIGGSLIISVINQHLDPNIV,LSKAVYAMSNLHNWVDSSDAKFKPELTKIMYPIFMFAYLNLVKENPELARAFFETFSPLFMETAGEEVNKLYKVKSVAAISENEVASKYLSKKSKVTMSEEVLNYLMDFLTENAEKGGDYLLNLIDSYLDPDIV,4.442361,0.4925373
19,SNAMSMAYEEYMRQLVVPMRRELTGAGFEELTTAEEVENFMEKAEGTTLVVVNSVCGCAAGLARPAATQAVLQNDKTPDNTVTVFAGQDKEATAKMREYFTGAAPSSPSMALLKGKEVVHFIPRHEIEGHDMEEIMKNLTAAFDAHC,DMAALDALRARLDEEYEPLFEALTGAGFQALSTAEEVRNFMNTAEGTALLVVNHRCGDARGIAKPAAVQAVAEAEKRPQHALFVFHGVDREAWAKALKYFKGAEPSAPSISLLQGNEVVHYLPRHAIEGRDLAEVMAQLTDAFDAHC,4.7407045,0.53741497
20,SPAKRLLFQMVGNAINRNTQQLTQDLRAMPNWSLRFVYIVDRNNQDLLKRPLPPGIMVLAPRLTAKHPYDKVQDRNRKLYGRHITLNDGNSVKVVTISA,DPAEAMLESIVGILVNLNLEETTESMAALPGELRENVRIVDENNRDVLNRPLPEGVLELAPRLTEEHPFASIEYDNKEIVGRRITLIDGESVIIITISE,5.0479064,0.44444445
21,KGYCAQYRGEVCDAVLVKDSLVFFNTSYPDPEEAQELLIHTAWNELKAVSPLCRPAAEALLCNHLFQECSPGVLPTPMPICREYCLAVKELFCAKEWLAMEGKTHRGLYRSGMHFLPVPECSKLPSMHQDPTACTRLPYLD,NGFCAKYIGSICNDLLVKDSLVFYDTSYPKPEEAQEALVETANEELEQISPECRPAFEALLCNHAFRTCSPGSNPVPLPICREDCLLVKFYYCAEEWHAMLDRIIEALLEAGMKFDPIPDCSTLPSAEEDPSACTALPYLK,4.0100937,0.59574467
22,PCPWEWTFFQGNCYFMSNSQRNWHDSITACKEVGAQLVVIKSAEEQNFLQLQSSRSNRFTWMGLSDLNQEGTWQWVDGSPLLPSFKQYWNRGEPNNVGEEDCAEFSGNGWNDDKCNLAKFWICKKSAASS,PCPAGWIAFQGHCYHFSDTRYDFADSVTACKEIGAQLTVIESDEEADFLIKLAEVSNRKTAIGLTNVQTPGVYTWVDGSPLLPEFKRWFNAGQPDGEGTRTAVVLYGSGLHDTHCDNKTYYICQRSASSA,6.393532,0.45384616
23,SVVEYEVVSKNLTSKMSHELLFSVKKRWFVKPFRHDRQLGKLHYKLLPGNYIKFGLYVLKNQDYARFEIAWVHVDKDGKIEERTVYSIETYWHIFIDIENDLNCPYVLAKFIEMRPEFHKTAWVEESNYSIAEDDIQMVESIKRYLERKI,NKVSYTVTQRNLKDYLESEQLFSVKKRTFAQPVAVDEEEGLSYYKLPPGLYIQFSLDVLYNKNHARLKISLVSVEEDGTVTETTIFSITTKSSVMRSIRNDSNAPLVLKEFIARMPEYNKTGTMPDSTYSIPLDYVETIQAIKTFLDEKF,6.1166153,0.42000002
24,HHMEYWHYVETTSSGQPLLREGEKDIFIDQSVGLYHGKSKILQRQRGRIFLTSQRIIYIDDAKPTQNSLGLELDDLAYVNYSSGFLTRSPRLILFFKDPSSSTEFVQLSFRKSDGVLFSQATERALENILTE,SYYKYLSRVKTTAEGEPLLDEGEKPIHVDDDVGLYYGPNPVKGAEDGKLWLTTRRIIFVSKEEPQERSLGLPLSSLSNVKYEPGENSANPLLVLYFKNPSSGADFLQLSFHSSDGLSFSEATEKALERILTG,5.124226,0.469697
25,KDERAREILRGFKLNWMNLRDAETGKILWQGTEDLSVPGVEHEARVPKKILKCKAVSRELNFSSTEQMEKFRLEQKVYFKGQCLEEWFFEFGFVIPNSTNTWQSLIEAAPESQMMPASVLTGNVIIETKFFDDDLLVSTSRVRLFYV,SNERAKEIRKGFSLNSAFLRDAETGKVLFSGTTDLTVPGVLHTAKLPESILDCKAVAMDYTFSSTEAMENFRLVERVYFDGKLYTTLKSNVGYVKPNSTNTATFLIKSLPAEKRMPAEEASGNIIVETHFFDSDLLISTSRVRLYLV,4.159889,0.5578231
26,MNLRIPWKEVYYLGYNMGNYIKISEPELLFVLRNKPQIKDRLKLDEKTIIKEGVKKYKNFWEIYYTVKDLILRGYRVRFDGFFIELYEKGIIPGTIEQDYLVYPVSGEIRMTWGELLDIYNKAIARKSKFMLAIVDSEGDVTYYEFRKLRSN,MNLKIPMEEVFYLGIDMGDYVNISEPELLVVLENKPELREKLKLDLEEIIARGEKKYKKFKEIYYTVDDLVEKGYTVRFDGYFIEVYKKGIIPGSTDPEYLVYPISGSDQLTEGALLDIINRALALKAKFVLAVVDEKGNCTYFEFTKLSKG,3.5850387,0.6052632
27,KMYGPGGGKYFSTTEDYDHEITGLRVSVGLLLVKSVQVKLGDSWDVKLGALGGNTQEVTLQPGEYITKVFVAFQAFLRGMVMYTSKDRYFYFGKLDGQISSAYPSQEGQVLVGIYGQYQLLGIKSIGFEWNYP,ALFGPGGGTRFSTTETPGRLITGIQVSVGEDYIRSVQLRLGDQWDEEYGAEGGNEQEFRLEPGEYIIRAQVAFNGLLMGMRMRTSNNQSFVFGRMEGELQLLKPKKEGEVLRGIYGQYDEEGITCIGFKWGYP,5.3920784,0.5263158
28,PISEEEKEGLIEMREEEKLARDVYLTLYNKWKLQIFKNIAESEQTHMDAVKYLLEKYNIPDPVKNDSIGVFSNPKFEELYKKLVEKGDKSEVDALKVGATIEDLDIADLEKWINKTDNEDIKFVYENLMKGSRNHMRAFVRMLNNYGSNYTPQYISKEEYEEIISSSTE,MISPEEAAALRDMCELEKLARDVYVSLYNKFHLPIFRDQAAVEKGHVNDVKELLKKYSIPNPITDPSLGKFTNPKFSKLYKKLVAEGSKSKVDALQVGADIEDMDIAELKKYIAQTNDPEILKVLNSLRTSERNHLRAFVNRLEELGASYTPKYISEELFLEIISSEIK,4.0535,0.53846157
29,KHHHHHHPMPKKIVVFSLAEELYGLDIFDVHEVVKDVSITKIPETPEFIEGIINLRGKIIPVIDLKKRFGIGKRGKSKDSRIIIVEILGQKAGLIVDAVHEVIPIDENSIEPPPPVTTIDTAFVEGIAKTDDKMIIIIKLHFLFEVNGKEMLLN,MNHSNHSPKPTKLVVFNLADYSFGLLVDDVLDIRPAENITRVPNRPEWLAGIINLNGEKIPVIDLRKAFGIEETGYSENSRIIIVEVHGKPVGIAVDAVIESVPVDENSIQPPPPEYLIPTRYVYGIASYGDKEVYILRLDNILRVDGEYVLGP,5.8795805,0.48051947
30,KPKFLEYKTCVGDLTVVIAKALDEFKEFCIVNAANEHMTHGSGVAKAIADFCGLDFVEYCEDYVKKHGPQQRLVTPSFVKGIQCVNNVVGPRHGDNNLHEKLVAAYKNVLVDGVVNYVVPVLSLGIFGVDFKMSIDAMREAFEGCTIRVLLFSLSQEHIDYFDVTC,APEELEFYTCVGPISDVIAYARKEFKEFAVVNAANETLNHGSGVAKEIADYCGKKFIQYCRDYVERNGPQSRLVTPSFVEGIKCVNNVVGPRQGDENLHEKLVEAYKSCRVEGVVNYVVPVMALGIDGVNFKMAINALREAFKGKKIRVLLFSLRQEHIDYFEVTQ,3.0582528,0.69879514
31,MLVINGTPRKHGRTRIAASYIAALYHTDLIDLSEFVLPVFNGEAEQSELLKVQELKQRVTKADAIVLLSPEYHSGMSGALKNALDFLSSEQFKYKPVALLAVAGGGDGGINALNNMRTVMRGVYANVIPKQLVLKPVHIDVENATVAENIKESIKELVEELSMFAKA,MLVIGGSPSRKGRTNIAAKYIAEKYSAQLIDLSEFILPTYNGKAEQQEDARVQELKRRVKKAKAIILITPEYNRGISGALMNALAYLSAASFNDKPVALVAVAGGGAGGQNAINDAKERLNGMDANVIPYQLVLLPEDIDRENKTVADNVRSALKELVEELKAHAKA,3.6101308,0.61077845
32,TGPYAGAVEVQQSGRYYVPQGRTRGGYINSNIAEVCMDAGAAGQVNALLAPRRGDAVMIYFVWRPLRIFCDPQGASLESAPGTFVTVDGVNVAAGDVVAWNTIAPVNVGNPGARRSILQFEVLWYT,MGPWAGAKSTREEGVYNVPEGTYRGFYIDGSVAECCMRAGSSGEVNDLLRPRAGELTVIYFTWRPLDTFRDPQGNPMRSAPGTSVTVDGQLVAAGDVVEHDTVVPVDVGNPGPTPSIMRFEVLDYS,3.8750865,0.5714286
33,QTRTYDGDGYKKRAACLCFRSESEEEVLLVSSSRHPDRWIVPGGGMEPEEEPSVAAVREVCEEAGVKGTLGRLVGIFENQERKHRTYVYVLIVTEVLEDWEDSVNIGRKREWFKIEDAIKVLQYHKPVQASYFET,MTPTFDANGRTLTAAALCFRSSDKEEVLLVSCRDRPELWVVPGGDCLPGEASKVAAMREAEIEAGVRGELGPLVGTFEDEALKLRTHVYKLIVTEVMENFEMKRAIGRQAQWFPVEDAIKVLEEHYPVEASFLAS,4.390685,0.5407407
34,SLMNKSQQVQTITLAAAQQMAAAVEKKATEINVAVVFSVVDRGGNTLLIQRMDEAFVSSCDISLNKAWSACSLKQGTHEITSAVQPGQSLYGLQLTNQQRIIIFGGGLPVIFNEQVIGAVGVSGGTVEQDQLLAQCALDCFSALE,MMMLLSVETQSITLAQAEKMVEAVAAMAGEINTAVTFAVVDANGNLILVSRMSDAAENSEELALNRARTANTFKTGTSAIAALVKPGQALYGLQQLYDRSIMTTAGGLPIVKDNQVVGAVGVAGGTIEQDMFLAEEAIDAFKKLN,5.0436373,0.47586206
35,PFCPGCLSFGTEILTVEYGPLPIGKIVSEEINCSVYSVDPEGRVYTQAIAQWHDRGEQEVLEYELEDGSVIRATSDHRFLTTDYQLLAIEEIFARQLDLLTLENIKQTEEALDNHRLPFPLLDAGTIKMVKVIGRRSLGVQRIFDIGLPQDHNFLLANGAIAA,GYCPGCLAAGTELQTVEYGPMPIGEIVSYKIQCQVYSVDPEGNIYTQKIASWYDNGTQEIFQFTLEDGTTIRCTAQTRFLTADFRWLAIDEVYDKEKYLLTLTNLKQTAYAFDVEKLPYPLLEAGEIQNVKVVGAESLGVRRIFDIGLPTNQNFLLANGAISC,3.7740583,0.607362
36,MKEIKLILTDIDGVWTDGGMFYDQTGNEWKKFNTSDSAGIFWAHNKGIPVGILTGEKTEIVRRRAEKLKVDYLFQGVVDKLSAAEELCNELGINLEQVAYIGDDLNDAKLLKRVGIAGVPASAPFYIRRLSTIFLEKRGGEGVFREFVEKVLGINLEDFIAVIQ,MMKIKLILTDVDGVLTDGGRFYDENGNEWFKFNGLDSWGIFWAHLKGIPVGILTGNDTENIRNAAEELKVDYLYQGVKDKLKAAEELCAELGIDLSEVAYIGDDGNDMALLKKVGIAGVPASAPAEVRVLATIELEKAGGEGVFREFVEKVLGINQDDLIATFK,2.754234,0.73780483
37,MTRRVAIGTDHPAFAIHENLILYVKEAGDEFVPVYCGPKTAESVDYPDFASRVAEMVARKEVEFGVLAAGSGIGMSIAANKVPGVRAALCHDHYTAAMSRIHNDANIVCVGERTTGVEVIREIIITFLQTPFSGEERHVRRIEKIRAIEASHA,MKRKVAIGTDSPATAISDYLIRFVKEAGEQYIPVYKGPKTSAAVHVPDFALKVAEAVAEKDVSYGVLACGTGIGAAIAANQIPGVIAALCRDRTTARMAQILDNANIVCVGALLVGPETQREIIITFLRTPFSGEEEHVEELEELDAVEAAFA,3.277041,0.60784316
38,GSHMTRLAPVVVDVPDDVLVLRVIGPLFFAAAEGLFTDLESRLEGKRIVILKWDAVPVLDAGGLDAFQRFVKRLPEGCELRVCNVEFQPLRTMARAGIQPIPGRLAFFPNRRAAMADL,GDNMTRLEPVDIDVPADVLVLRIVGPLHASAAELLFRELSTLLEGKRRVILDLKEVPELDAGGLDALLRFVADLPEGCELRVCNIQLQPALAMQRAGVQPVPGRLSFYPDLEAALADI,3.5404828,0.63559324
39,KEEGHEAAAAEAKKETDLAHVDQVETFVGKEKYYVVKGTDKKGTALYVWVPADKKAKILSKEAKEGISEDKAAKIIKDEGLVSKQKEVHLAREGNVLLWEVTYLDKEGQYSLSYVDFTTGKILKNITP,MREGHAAAAAKAKRETKLANVDAVRLFTGKQTWFIVSGTDSDGNPILVFVPRDKNKPILSRYASDGISAAEAKQIVIDAGLVSELLTVRLSAEGDQLLWAVSYLDNKGKLSISLVHAKSGEILDVETP,4.60549,0.4921875
40,TIAIVIGTHGWAAEQLLKTAEMLLGEQENVGWIDFVPGENAETLIEKYNAQLAKLDTTKGVLFLVDTWGGSPFNAASRIVVDKEHYEVIAGVNIPMLVETLMARDDDPSFDELVALAVETGREGVKALK,MIAIVIATHGYAAKKLVAAAEALLGPLENVGYVNYLPGEDNDDLISKYKEQLAKLDTSKGVLFLVDREGGLPYRAASRLVKNRANWAVIAGVNLPMLVATLTARRFNPTFDELVALAVETGRRGIRLLF,3.446265,0.62015504
41,GKITLYEDRGFQGRHYECSSDHPNLQPYLSRCNSARVDSGCWMLYEQPNYSGLQYFLHRGDYADHQQWMGLSDSVRSCRLIPHSGSHRIRLYEREDYRGQMIEFTEDCSCLQDRFRFNEIHSLNVLEGSWVLYELSNYRGRQYLLMPGDYRRYQDWGATNARVGSLRRVIDFS,GKATLYEETGFQGRSFTLTADHPNLRPYLSQCSSARVESGCWILFQKPNYQGAQYLASTGYYPHFSQYQGTSSRVRSALLVPASNSYHIDLYERENYQGRCIEFTEDCSDLTTHFPSSEIRSLLVEEGSWVLYEKPNYRGRMYLLTPGDYPHWTDWGATDASAGSLKRVVDKY,3.8150945,0.5953757
42,VEPVDPCFRANCEYQCQPLDQTSYLCVCAEGFAPIPHEPHRCQMFCNQTACPADCDPNTQASCECPEGYILDDGFICTDIDECENGGFCSGVCHNLPGTFECICGPDSALAGQIGTDC,LSPEDPCKSANCEYSCVPLDTETYRCVCAEGFRPIPDRPDKCAIICNEKSCPAACDPNSANYCWCPAGYTLAAGNRCTVIDFCALGGYCDGECINLPGTYLCYCGPAASLTVLLGENC,4.564853,0.5423729
43,ETITAGNEDCWSKRPGWKLPDNLLTKTEFTSVDECRKMCEESAVEPSCYILQINTETNECYRNNEGDVTWSSLQYDQPNVVQWHLHACS,ETESDGDGNVWSERPGLRLPEELLEKTEFTSVEEAARYASESTEKPYCHLLQVNTTTNQCWMNNEAVPDTDLVQTGMPNVVAYLLEKCA,5.954467,0.46067417
44,MVTAFILMVTAAGKEREVMEKLLAMPEVKEAYVVYGEYDLIVKVETDTLKDLDQFITEKIRKMPEIQMTSTMIAILEHHHHHH,MVKATIYMKTKPGKEQEVAEKLLAEPEVKAAWVVEGRFDLIVLVETDTLEDLEEFVYETLKTLPEILKTRTYVATEDHTHHHH,4.27838,0.5903614
45,GPLGSQELRLRVQGKEKHQMLEISLSPDSPLKVLMSHYEEAMGLSGHKLSFFFDGTKLSGKELPADLGLESGDLIEVWG,GPLGSEPLRLRIRGMRAEEVVEVSLRPDAPMEVAMEKFKEYAGKEGKKLTFFYKGKQLSGEELPRDLGLRSGDTISVEG,4.0134416,0.5316456
46,GIIINLDEGELCLNSAQCKSNCCQHDTILSLSRCALKARENSECSAFTLYGVYYKCPCERGLTCEGDKSLVGSITNTNFGICHNV,ANKTNLKVGELCTHSSQCKYRCCVRDTENSPAVCRRRAKANEECQHENKFGTYLYCPCQDGLTCVGEVTALGEVTNTNFGYCKRK,6.042935,0.44705883
47,SHMRVYHECFGKCKGLLVPELYSSPSAACIQCLDCRLMYPPHKFVVHSHKALENRTCHWGFDSANWRAYILLSQDYTGKEEQARLGRCLDDVKEKFD,MRLGVYTEAFGSEEGHLIPERCTHPDTPAIQCLYCKQFYPPEDFVVHYHASIPGNVVITGFDPSKCRKYIKLSPEYASEELVELYQALLDGVKAKFA,7.190191,0.40206185
48,SNTISEKIVLMRKSEYLSRQQLADLTGVPYGTLSYYESGRSTPPTDVMMNILQTPQFTKYTLWFMTNQIAPESGQIAPALAHFG,MYTLSEKIVAMRESANLTLQELADLTGVPYEELDAYESGAKVPRPAVLRRILNCEQFKRYTLWFLKDKIDPENGQVAPEVSNFG,4.3069077,0.53571427
49,MLREDESACLQAAEEMPQTTLGCPATWDGLLCWPTAGSGEWVTLPCPDFFSHFSSESGAVKRDCTITGWSEPFPPYPVACPVPLELLAE,SIEELARACLEAINQLPEAQVGCPAVYDGLLCIPACRFGESVVLPCPAWYSLYSDSSGSVRVDALPDGWSAPSPPFPIACPVPSELLNL,4.9421997,0.49438202
